{
  "_fv": 34,
  "_type": "gui",
  "definition": {
    "type": 0,
    "width": 320,
    "height": 170,
    "inventoryOffsetX": 0,
    "inventoryOffsetY": 0,
    "renderBgLayer": true,
    "doesPauseGame": false,
    "components": [
      {
        "type": "image",
        "data": {
          "image": "stone_hoe.png",
          "use1Xscale": true,
          "name": "stone_hoe.png",
          "x": 74,
          "y": 56
        }
      }
    ],
    "gridSettings": {
      "sx": 18,
      "sy": 18,
      "ox": 11,
      "oy": 15,
      "snapOnGrid": false
    }
  }
}